[
{
    "model": "products.category",
    "pk": 1,
    "fields": {
        "title": "Fresh",
        "slug": "fresh"
    }
},
{
    "model": "products.category",
    "pk": 3,
    "fields": {
        "title": "Meat & Poultry",
        "slug": "meat-poultry"
    }
},
{
    "model": "products.category",
    "pk": 4,
    "fields": {
        "title": "Beverages",
        "slug": "beverages"
    }
},
{
    "model": "products.category",
    "pk": 5,
    "fields": {
        "title": "Groceries",
        "slug": "groceries"
    }
},
{
    "model": "products.category",
    "pk": 6,
    "fields": {
        "title": "eQuia",
        "slug": "equia"
    }
},
{
    "model": "products.category",
    "pk": 7,
    "fields": {
        "title": "Bakery",
        "slug": "bakery"
    }
},
{
    "model": "products.category",
    "pk": 8,
    "fields": {
        "title": "Confectionery",
        "slug": "confectionery"
    }
},
{
    "model": "products.category",
    "pk": 9,
    "fields": {
        "title": "Tobacco & Co",
        "slug": "tobacco-co"
    }
},
{
    "model": "products.subcategory",
    "pk": 1,
    "fields": {
        "title": "Dairy & Cheese",
        "slug": "dairy-cheese",
        "category": 1
    }
},
{
    "model": "products.subcategory",
    "pk": 2,
    "fields": {
        "title": "Seafood",
        "slug": "seafood",
        "category": 1
    }
},
{
    "model": "products.subcategory",
    "pk": 3,
    "fields": {
        "title": "Sandwiches",
        "slug": "sandwiches",
        "category": 1
    }
},
{
    "model": "products.subcategory",
    "pk": 4,
    "fields": {
        "title": "Salads",
        "slug": "salads",
        "category": 1
    }
},
{
    "model": "products.subcategory",
    "pk": 5,
    "fields": {
        "title": "Eggs",
        "slug": "eggs",
        "category": 1
    }
},
{
    "model": "products.subcategory",
    "pk": 6,
    "fields": {
        "title": "Butter",
        "slug": "butter",
        "category": 1
    }
},
{
    "model": "products.subcategory",
    "pk": 7,
    "fields": {
        "title": "Olives",
        "slug": "olives",
        "category": 1
    }
},
{
    "model": "products.subcategory",
    "pk": 8,
    "fields": {
        "title": "Pickles",
        "slug": "pickles",
        "category": 1
    }
},
{
    "model": "products.subcategory",
    "pk": 9,
    "fields": {
        "title": "Juices",
        "slug": "juices",
        "category": 4
    }
},
{
    "model": "products.subcategory",
    "pk": 10,
    "fields": {
        "title": "Hot Drinks",
        "slug": "hot-drinks",
        "category": 4
    }
},
{
    "model": "products.subcategory",
    "pk": 11,
    "fields": {
        "title": "Soft Drinks",
        "slug": "soft-drinks",
        "category": 4
    }
},
{
    "model": "products.subcategory",
    "pk": 12,
    "fields": {
        "title": "Water & Seltzer",
        "slug": "water-seltzer",
        "category": 4
    }
},
{
    "model": "products.subcategory",
    "pk": 13,
    "fields": {
        "title": "Shelf Drinks",
        "slug": "shelf-drinks",
        "category": 4
    }
},
{
    "model": "products.subcategory",
    "pk": 14,
    "fields": {
        "title": "Milk",
        "slug": "milk",
        "category": 4
    }
},
{
    "model": "products.subcategory",
    "pk": 15,
    "fields": {
        "title": "Fresh Juices",
        "slug": "fresh-juices",
        "category": 4
    }
},
{
    "model": "products.subcategory",
    "pk": 16,
    "fields": {
        "title": "Milkshakes",
        "slug": "milkshakes",
        "category": 4
    }
},
{
    "model": "products.subcategory",
    "pk": 17,
    "fields": {
        "title": "Tea & Coffee",
        "slug": "tea-coffee",
        "category": 4
    }
},
{
    "model": "products.subcategory",
    "pk": 18,
    "fields": {
        "title": "Energy & Protein Drinks",
        "slug": "energy-protein-drinks",
        "category": 4
    }
},
{
    "model": "products.subcategory",
    "pk": 19,
    "fields": {
        "title": "Ayran",
        "slug": "ayran",
        "category": 4
    }
},
{
    "model": "products.subcategory",
    "pk": 20,
    "fields": {
        "title": "Meat",
        "slug": "meat",
        "category": 3
    }
},
{
    "model": "products.subcategory",
    "pk": 21,
    "fields": {
        "title": "Poutlry",
        "slug": "poutlry",
        "category": 3
    }
},
{
    "model": "products.subcategory",
    "pk": 22,
    "fields": {
        "title": "Cold Cuts",
        "slug": "cold-cuts",
        "category": 3
    }
},
{
    "model": "products.subcategory",
    "pk": 23,
    "fields": {
        "title": "Daily Essentials",
        "slug": "daily-essentials",
        "category": 5
    }
},
{
    "model": "products.subcategory",
    "pk": 24,
    "fields": {
        "title": "Frozen",
        "slug": "frozen",
        "category": 5
    }
},
{
    "model": "products.subcategory",
    "pk": 25,
    "fields": {
        "title": "Pantry",
        "slug": "pantry",
        "category": 5
    }
},
{
    "model": "products.subcategory",
    "pk": 26,
    "fields": {
        "title": "Pet",
        "slug": "pet",
        "category": 5
    }
},
{
    "model": "products.subcategory",
    "pk": 27,
    "fields": {
        "title": "Pet",
        "slug": "pet-9hl8",
        "category": 5
    }
},
{
    "model": "products.subcategory",
    "pk": 28,
    "fields": {
        "title": "Baby Care",
        "slug": "baby-care",
        "category": 5
    }
},
{
    "model": "products.subcategory",
    "pk": 29,
    "fields": {
        "title": "Household",
        "slug": "household",
        "category": 5
    }
},
{
    "model": "products.subcategory",
    "pk": 30,
    "fields": {
        "title": "Breakfast & Cereals",
        "slug": "breakfast-cereals",
        "category": 5
    }
},
{
    "model": "products.subcategory",
    "pk": 31,
    "fields": {
        "title": "Specific Diets",
        "slug": "specific-diets",
        "category": 5
    }
},
{
    "model": "products.subcategory",
    "pk": 32,
    "fields": {
        "title": "eQuia",
        "slug": "equia",
        "category": 6
    }
},
{
    "model": "products.subcategory",
    "pk": 33,
    "fields": {
        "title": "Chocolate, Biscuits & Wafers",
        "slug": "chocolate-biscuits-wafers",
        "category": 8
    }
},
{
    "model": "products.subcategory",
    "pk": 34,
    "fields": {
        "title": "Chips, Crisps & Crackers",
        "slug": "chips-crisps-crackers",
        "category": 8
    }
},
{
    "model": "products.subcategory",
    "pk": 35,
    "fields": {
        "title": "Candies, Gums & Sweets",
        "slug": "candies-gums-sweets",
        "category": 8
    }
},
{
    "model": "products.subcategory",
    "pk": 36,
    "fields": {
        "title": "Pastry",
        "slug": "pastry",
        "category": 7
    }
},
{
    "model": "products.subcategory",
    "pk": 37,
    "fields": {
        "title": "Desserts",
        "slug": "desserts",
        "category": 7
    }
},
{
    "model": "products.subcategory",
    "pk": 38,
    "fields": {
        "title": "Arabic Sweets",
        "slug": "arabic-sweets",
        "category": 7
    }
},
{
    "model": "products.subcategory",
    "pk": 39,
    "fields": {
        "title": "Breads",
        "slug": "breads",
        "category": 7
    }
},
{
    "model": "products.subcategory",
    "pk": 40,
    "fields": {
        "title": "Fruits",
        "slug": "fruits",
        "category": 1
    }
},
{
    "model": "products.subcategory",
    "pk": 41,
    "fields": {
        "title": "Vegetables",
        "slug": "vegetables",
        "category": 1
    }
},
{
    "model": "products.subsubcategory",
    "pk": 1,
    "fields": {
        "title": "Hard Cheese",
        "slug": "hard-cheese",
        "subcategory": 1
    }
},
{
    "model": "products.subsubcategory",
    "pk": 2,
    "fields": {
        "title": "Cream & Soft Cheese",
        "slug": "cream-soft-cheese",
        "subcategory": 1
    }
},
{
    "model": "products.subsubcategory",
    "pk": 3,
    "fields": {
        "title": "Yogurts",
        "slug": "yogurts",
        "subcategory": 1
    }
},
{
    "model": "products.subsubcategory",
    "pk": 4,
    "fields": {
        "title": "Sliced Cheese",
        "slug": "sliced-cheese",
        "subcategory": 1
    }
},
{
    "model": "products.subsubcategory",
    "pk": 5,
    "fields": {
        "title": "Labneh",
        "slug": "labneh",
        "subcategory": 1
    }
},
{
    "model": "products.subsubcategory",
    "pk": 6,
    "fields": {
        "title": "Goat Cheese",
        "slug": "goat-cheese",
        "subcategory": 1
    }
},
{
    "model": "products.subsubcategory",
    "pk": 7,
    "fields": {
        "title": "Feta, Halloumi, Kaval & Co",
        "slug": "feta-halloumi-kaval-co",
        "subcategory": 1
    }
},
{
    "model": "products.subsubcategory",
    "pk": 8,
    "fields": {
        "title": "Cheddar",
        "slug": "cheddar",
        "subcategory": 1
    }
},
{
    "model": "products.subsubcategory",
    "pk": 9,
    "fields": {
        "title": "Tissues & Rolls",
        "slug": "tissues-rolls",
        "subcategory": 23
    }
},
{
    "model": "products.subsubcategory",
    "pk": 10,
    "fields": {
        "title": "Feminine Care",
        "slug": "feminine-care",
        "subcategory": 23
    }
},
{
    "model": "products.subsubcategory",
    "pk": 11,
    "fields": {
        "title": "Deodorants & Body Sprays",
        "slug": "deodorants-body-sprays",
        "subcategory": 23
    }
},
{
    "model": "products.subsubcategory",
    "pk": 12,
    "fields": {
        "title": "Dental",
        "slug": "dental",
        "subcategory": 23
    }
},
{
    "model": "products.subsubcategory",
    "pk": 13,
    "fields": {
        "title": "Bath & Soaps",
        "slug": "bath-soaps",
        "subcategory": 23
    }
},
{
    "model": "products.subsubcategory",
    "pk": 14,
    "fields": {
        "title": "Men's Toiletries",
        "slug": "mens-toiletries",
        "subcategory": 23
    }
},
{
    "model": "products.subsubcategory",
    "pk": 15,
    "fields": {
        "title": "Cooking Needs",
        "slug": "cooking-needs",
        "subcategory": 25
    }
},
{
    "model": "products.subsubcategory",
    "pk": 16,
    "fields": {
        "title": "Dips, Sauces & Condiments",
        "slug": "dips-sauces-condiments",
        "subcategory": 25
    }
},
{
    "model": "products.subsubcategory",
    "pk": 17,
    "fields": {
        "title": "Herbs & Spices",
        "slug": "herbs-spices",
        "subcategory": 25
    }
},
{
    "model": "products.subsubcategory",
    "pk": 18,
    "fields": {
        "title": "Oils & Vinegars",
        "slug": "oils-vinegars",
        "subcategory": 25
    }
},
{
    "model": "products.subsubcategory",
    "pk": 19,
    "fields": {
        "title": "Pasta & Rice",
        "slug": "pasta-rice",
        "subcategory": 25
    }
},
{
    "model": "products.subsubcategory",
    "pk": 20,
    "fields": {
        "title": "Tins, Cans & Soups",
        "slug": "tins-cans-soups",
        "subcategory": 25
    }
},
{
    "model": "products.subsubcategory",
    "pk": 21,
    "fields": {
        "title": "Beans & Grains",
        "slug": "beans-grains",
        "subcategory": 25
    }
},
{
    "model": "products.subsubcategory",
    "pk": 22,
    "fields": {
        "title": "Bags & Foils",
        "slug": "bags-foils",
        "subcategory": 29
    }
},
{
    "model": "products.subsubcategory",
    "pk": 23,
    "fields": {
        "title": "Batteries",
        "slug": "batteries",
        "subcategory": 29
    }
},
{
    "model": "products.subsubcategory",
    "pk": 24,
    "fields": {
        "title": "Cleaning Supplies",
        "slug": "cleaning-supplies",
        "subcategory": 29
    }
},
{
    "model": "products.subsubcategory",
    "pk": 25,
    "fields": {
        "title": "Laundry & Detergent",
        "slug": "laundry-detergent",
        "subcategory": 29
    }
},
{
    "model": "products.subsubcategory",
    "pk": 26,
    "fields": {
        "title": "Matches & Firelighters",
        "slug": "matches-firelighters",
        "subcategory": 29
    }
},
{
    "model": "products.subsubcategory",
    "pk": 27,
    "fields": {
        "title": "Gluten Free",
        "slug": "gluten-free",
        "subcategory": 31
    }
},
{
    "model": "products.subsubcategory",
    "pk": 28,
    "fields": {
        "title": "Lactose Free",
        "slug": "lactose-free",
        "subcategory": 31
    }
},
{
    "model": "products.subsubcategory",
    "pk": 29,
    "fields": {
        "title": "Low Fat",
        "slug": "low-fat",
        "subcategory": 31
    }
},
{
    "model": "products.subsubcategory",
    "pk": 30,
    "fields": {
        "title": "Sugar Free",
        "slug": "sugar-free",
        "subcategory": 31
    }
},
{
    "model": "products.subsubcategory",
    "pk": 31,
    "fields": {
        "title": "Vegan",
        "slug": "vegan",
        "subcategory": 31
    }
},
{
    "model": "products.subsubcategory",
    "pk": 32,
    "fields": {
        "title": "Fat Free",
        "slug": "fat-free",
        "subcategory": 31
    }
},
{
    "model": "products.subsubcategory",
    "pk": 33,
    "fields": {
        "title": "Energy & Protein",
        "slug": "energy-protein",
        "subcategory": 31
    }
},
{
    "model": "products.product",
    "pk": 7,
    "fields": {
        "title": "Salt - Lays Potato Chips",
        "slug": "lays-potato-chips",
        "description": "Salt - LAYS Potato Chips",
        "price": "2.00",
        "image": "products/101749946/101749946.jpg",
        "featured": false,
        "hot_deals": false,
        "new_arrivals": false,
        "active": true,
        "timestamp": "2019-06-03T13:22:43.996Z",
        "category": 8,
        "subcategory": 34,
        "subsubcategory": null
    }
},
{
    "model": "products.product",
    "pk": 8,
    "fields": {
        "title": "Salt & Vinegar - Lays Potato Chips",
        "slug": "salt-vinegar-lays-potato-chips",
        "description": "Salt & Vinegar - LAYS Potato Chips",
        "price": "2.00",
        "image": "products/11332313/11332313.jpeg",
        "featured": false,
        "hot_deals": false,
        "new_arrivals": true,
        "active": true,
        "timestamp": "2019-06-03T13:27:47.119Z",
        "category": 6,
        "subcategory": 5,
        "subsubcategory": null
    }
},
{
    "model": "products.product",
    "pk": 9,
    "fields": {
        "title": "Cheddar & Sour Cream - Lays Potato Chips",
        "slug": "cheddar-sour-cream-lays-potato-chips",
        "description": "Cheddar & Sour Cream - LAYS Potato Chips",
        "price": "2.00",
        "image": "products/41899713/41899713.jpeg",
        "featured": false,
        "hot_deals": false,
        "new_arrivals": false,
        "active": true,
        "timestamp": "2019-06-03T13:28:41.443Z",
        "category": 6,
        "subcategory": 7,
        "subsubcategory": 3
    }
},
{
    "model": "products.product",
    "pk": 10,
    "fields": {
        "title": "Wavy Family Size - Lays Potato Chips",
        "slug": "wavy-family-size-lays-potato-chips",
        "description": "Wavy Family Size - LAYS Potato Chips",
        "price": "2.00",
        "image": "products/77439921/77439921.jpg",
        "featured": false,
        "hot_deals": false,
        "new_arrivals": false,
        "active": true,
        "timestamp": "2019-06-03T13:29:09.632Z",
        "category": 7,
        "subcategory": 1,
        "subsubcategory": null
    }
},
{
    "model": "products.product",
    "pk": 11,
    "fields": {
        "title": "Recetta Campesina - Lays Potato Chips",
        "slug": "recetta-campesina-lays-potato-chips",
        "description": "Recetta Campesina - LAYS Potato Chips",
        "price": "2.00",
        "image": "products/14445386/14445386.jpg",
        "featured": false,
        "hot_deals": false,
        "new_arrivals": false,
        "active": true,
        "timestamp": "2019-06-03T13:29:56.126Z",
        "category": 1,
        "subcategory": 5,
        "subsubcategory": 10
    }
},
{
    "model": "products.product",
    "pk": 12,
    "fields": {
        "title": "Baked - Lays Potato Chips",
        "slug": "baked-lays-potato-chips",
        "description": "Baked - LAYS Potato Chips",
        "price": "2.00",
        "image": "products/57801221/57801221.jpeg",
        "featured": true,
        "hot_deals": false,
        "new_arrivals": false,
        "active": true,
        "timestamp": "2019-06-03T13:30:29.394Z",
        "category": 8,
        "subcategory": 8,
        "subsubcategory": 2
    }
},
{
    "model": "products.product",
    "pk": 13,
    "fields": {
        "title": "Indian Magic Masala - Lays Potato Chips",
        "slug": "indian-magic-masala-lays-potato-chips",
        "description": "Indian Magic Masala - LAYS Potato Chips",
        "price": "2.00",
        "image": "products/39556147/39556147.jpeg",
        "featured": false,
        "hot_deals": true,
        "new_arrivals": false,
        "active": true,
        "timestamp": "2019-06-03T13:31:09.290Z",
        "category": 5,
        "subcategory": 5,
        "subsubcategory": 4
    }
},
{
    "model": "products.product",
    "pk": 14,
    "fields": {
        "title": "MAXX",
        "slug": "maxx",
        "description": "Maxx Lays Chips",
        "price": "2.00",
        "image": "products/108741312/108741312.jpeg",
        "featured": false,
        "hot_deals": false,
        "new_arrivals": false,
        "active": true,
        "timestamp": "2019-06-03T21:55:13.337Z",
        "category": 1,
        "subcategory": 1,
        "subsubcategory": 4
    }
},
{
    "model": "products.product",
    "pk": 15,
    "fields": {
        "title": "Light Salted",
        "slug": "light-salted",
        "description": "Wavy",
        "price": "2.00",
        "image": "products/9686289/9686289.png",
        "featured": false,
        "hot_deals": false,
        "new_arrivals": false,
        "active": true,
        "timestamp": "2019-06-03T21:55:43.039Z",
        "category": 3,
        "subcategory": 7,
        "subsubcategory": 6
    }
},
{
    "model": "products.product",
    "pk": 16,
    "fields": {
        "title": "Gourmet",
        "slug": "gourmet",
        "description": "Gourmet Lays Chips",
        "price": "39.99",
        "image": "products/16335093/16335093.jpg",
        "featured": false,
        "hot_deals": false,
        "new_arrivals": false,
        "active": true,
        "timestamp": "2019-06-03T21:56:02.025Z",
        "category": 1,
        "subcategory": 40,
        "subsubcategory": 2
    }
},
{
    "model": "products.product",
    "pk": 17,
    "fields": {
        "title": "Strong",
        "slug": "strong",
        "description": "Strong Lays Chips",
        "price": "2.00",
        "image": "products/24577857/24577857.jpg",
        "featured": false,
        "hot_deals": false,
        "new_arrivals": false,
        "active": true,
        "timestamp": "2019-06-03T21:56:31.063Z",
        "category": 9,
        "subcategory": 1,
        "subsubcategory": null
    }
},
{
    "model": "products.product",
    "pk": 18,
    "fields": {
        "title": "Classic",
        "slug": "classic",
        "description": "Classic Lays Chips",
        "price": "2.00",
        "image": "products/65320094/65320094.jpg",
        "featured": false,
        "hot_deals": false,
        "new_arrivals": false,
        "active": true,
        "timestamp": "2019-06-03T21:56:50.506Z",
        "category": 3,
        "subcategory": 5,
        "subsubcategory": 3
    }
}
]
